Event_AvgRatings|EventMusic|EventCensor|FShareURL|EventCode|Ratings|Event_Message|EventifierID|Language|BannerURL|EventTitle|EventReleaseDate|Director|Actors|Event_UserRatingsCount|Event_UserReviewCount|EventWriter|Event_CriticsRatingsCount|Length|ReleaseDateCode|Genre|Censor|TrailerURL
null|Toshi Sabri, Hitesh Sonik, Sharib Sabri|A|http://in.bookmyshow.com/movies/Pyaar-Ka-Punchnama-2-A/ET00033570|ET00033570|5|null|85|Hindi|http://in.bmscdn.com/Events/Mobile/ET00033570.jpg?dtm=20151130|Pyaar Ka Punchnama 2 (A)|Oct 16, 2015|Luv Ranjan|Kartik Aaryan, Nushrat Bharucha, Sunny Singh Nijjar, Sonalli Sehgall, Omkar Kapoor, Ishita Raj Sharma, Sharat Saxena, Mona Ambegaonkar|null|null|Luv Ranjan|null|2 hrs 16 mins |20151016|Comedy,Drama,Romance|(A)|https://www.youtube.com/watch?v=tC-HGUhxyyc
null|Amit Trivedi|UA|http://in.bookmyshow.com/movies/Shaandaar-UA/ET00027655|ET00027655|7|null|214|Hindi|http://in.bmscdn.com/Events/Mobile/ET00027655.jpg?dtm=20151130|Shaandaar (U/A)|Oct 22, 2015|Vikas Bahl|Shahid Kapoor, Alia Bhatt, Pankaj Kapur, Sanjay Kapoor, Anjana Sukhani, Sanah Kapoor, Sushma Seth, Karan Johar|null|null|Anvita Dutt Guptan, Chaitally Parmar, Vikas Bahl|null|2 hrs 24 mins |20151022|Comedy,Romance|(U/A)|https://www.youtube.com/watch?v=k99-vMPh3-A
null|Thomas Newman|UA|http://in.bookmyshow.com/movies/Bridge-of-Spies-UA/ET00034536|ET00034536|8|null|77|English|http://in.bmscdn.com/Events/Mobile/ET00034536.jpg?dtm=20151130|Bridge of Spies (U/A)|Oct 16, 2015|Steven Spielberg|Tom Hanks, Amy Ryan, Alan Alda, Mark Rylance, Domenick Lombardozzi, Austin Stowell, Sebastian Koch, Eve Hewson, Michael Gaston, Peter McRobbie, Stephen Kunken, Joshua Harto, Mark Zak|null|null|Ethan Coen, Joel Coen|null|2 hrs 22 mins |20151016|Biography,Drama,History,Thriller|(U/A)|https://www.youtube.com/watch?v=E_iB3KAxEYY
null|Steve Jablonsky|A|http://in.bookmyshow.com/movies/The-Last-Witch-Hunter-A/ET00028053|ET00028053|0|null|215|English|http://in.bmscdn.com/Events/Mobile/ET00028053.jpg?dtm=20151130|The Last Witch Hunter (A)|Oct 22, 2015|Breck Eisner|Vin Diesel, Rose Leslie, Elijah Wood, Olafur Darri Olafsson, Julie Engelbrecht, Michael Caine, Rena Owen, Joseph Gilgun|null|null|Cory Goodman, Matt Sazama, Burk Sharpless|null|1 hr 46 mins |20151022|Action,Adventure,Fantasy|(A)|https://www.youtube.com/watch?v=hdSqk2NzD1M
null|Vishal Bhardwaj|UA|http://in.bookmyshow.com/movies/Talvar-UA/ET00033106|ET00033106|8|null|163|Hindi|http://in.bmscdn.com/Events/Mobile/ET00033106.jpg?dtm=20151130|Talvar (U/A)|Oct 02, 2015|Meghna Gulzar|Irrfan Khan, Konkona Sen Sharma, Neeraj Kabi, Tabu, Sohum Shah, Atul Kumar, Gajraj Rao|null|null|Vishal Bhardwaj|null|2 hrs 12 mins |20151002|Drama,Suspense|(U/A)|https://www.youtube.com/watch?v=aQNMsw8Ljjc
null|Harry Gregson-Williams|UA|http://in.bookmyshow.com/movies/The-Martian-3D-UA/ET00034094|ET00034094|7|null|166|English|http://in.bmscdn.com/Events/Mobile/ET00034094.jpg?dtm=20151130|The Martian (3D) (U/A)|Oct 02, 2015|Ridley Scott|Matt Damon, Kate Mara, Jessica Chastain, Kristen Wiig, Mackenzie Davis, Sean Bean, Sebastian Stan, Jeff Daniels, Michael Pena, Chiwetel Ejiofor|null|null|Drew Goddard, Andy Weir|null|2 hrs 22 mins |20151002|Action,Adventure,Sci-Fi|(U/A)|https://www.youtube.com/watch?v=Ue4PCI0NamI
null|Debarpito|UA|http://in.bookmyshow.com/movies/Rajwade-and-Sons-UA/ET00031494|ET00031494|6|null|145|Marathi|http://in.bmscdn.com/Events/Mobile/ET00031494.jpg?dtm=20151130|Rajwade and Sons (U/A)|Oct 16, 2015|Sachin Kundalkar|Atul Kulkarni, Sachin Khedekar, Mrinal Kulkarni, Satish Alekar, Jyoti Subhash, Siddharth Menon, Alok Rajwade, Mrinmayee Godbole|null|null|Sachin Kundalkar|null|2 hrs 6 mins |20151016|Drama,Family|(U/A)|https://www.youtube.com/watch?v=Gse3uDudeDY
null|Alan Silvestri|UA|http://in.bookmyshow.com/movies/The-Walk-3D-UA/ET00031303|ET00031303|7|null|167|English|http://in.bmscdn.com/Events/Mobile/ET00031303.jpg?dtm=20151130|The Walk (3D) (U/A)|Oct 09, 2015|Robert Zemeckis|Joseph Gordon-Levitt, Ben Kingsley, James Badge Dale, Ben Schwartz, Charlotte Le Bon, Steve Valentine|null|null|Christopher Browne, Robert Zemeckis|null|2 hrs 3 mins |20151009|Biography,Drama|(U/A)|https://www.youtube.com/watch?v=o0WJbuty04g
null|Rohit Nagbhide|UA|http://in.bookmyshow.com/movies/Khwada-UA/ET00030314|ET00030314|0|null|218|Marathi|http://in.bmscdn.com/Events/Mobile/ET00030314.jpg?dtm=20151130|Khwada (U/A)|Oct 22, 2015|Bhaurao Karhade|Shashank Shende, Anil Nagarkar, Bhau Shinde, Surekha, Yogesh Dimbale, Rasika Chavhan, Vaishnavi Dhore|null|null|Bhaurao Karhade|null|2 hrs |20151022|Action,Drama|(U/A)|https://www.youtube.com/watch?v=cWhCpvgWtX0
null|Pritam Chakraborty|UA|http://in.bookmyshow.com/movies/Jazbaa-UA/ET00028569|ET00028569|5|null|180|Hindi|http://in.bmscdn.com/Events/Mobile/ET00028569.jpg?dtm=20151130|Jazbaa (U/A)|Oct 09, 2015|Sanjay Gupta|Aishwarya Rai Bachchan, Irrfan Khan, Shabana Azmi, Chandan Roy Sanyal, Jackie Shroff, Atul Kulkarni, Abhimanyu Shekhar Singh|null|null|Sanjay Gupta, Robin Bhatt|null|2 hrs 2 mins |20151009|Action,Crime,Drama|(U/A)|https://www.youtube.com/watch?v=YarhATjhA7g
null|Amit Raj|UA|http://in.bookmyshow.com/movies/Daagdi-Chaawl-UA/ET00033492|ET00033492|0|null|null|Marathi|http://in.bmscdn.com/Events/Mobile/ET00033492.jpg?dtm=20151130|Daagdi Chaawl (U/A)|Oct 02, 2015|Chandrakant Kanse|Makarand Deshpande, Pooja Sawant, Kamlesh Sawant, Ankush Chaudhari|null|null|Pravin Kamle, Ajay Tamhane|null|2 hrs |20151002|Crime,Drama|(U/A)|https://www.youtube.com/watch?v=9y5ImqDEeJo
null|null|A|http://in.bookmyshow.com/movies/Paranormal-Activity-The-Ghost-Dimension-3D-A/ET00027769|ET00027769|3|null|245|English|http://in.bmscdn.com/Events/Mobile/ET00027769.jpg?dtm=20151130|Paranormal Activity: The Ghost Dimension (3D) (A)|Oct 30, 2015|Gregory Plotkin|Chris J. Murray, Brit Shaw, Dan Gill, Ivy George, Olivia Taylor Dudley|null|null|Jason Pagan, Andrew Deutschman|null|1 hr 29 mins |20151030|Horror|(A)|https://www.youtube.com/watch?v=Y9Jy2T0uQ9Y
null|Sai Karthik|UA|http://in.bookmyshow.com/movies/Raju-Gari-Gadhi-UA/ET00034952|ET00034952|0|null|213|Telugu|http://in.bmscdn.com/Events/Mobile/ET00034952.jpg?dtm=20151130|Raju Gari Gadhi (U/A)|Oct 22, 2015|Ohmkar|Ashwin Babu, Chethan Cheenu, Dhanya Balakrishna, Shakalaka Shankar, Dhanraj, Posani Krishna Murali, Shamna Kasim, Eshanya Maheshwari|null|null|Ohmkar|null|2 hrs 18 mins |20151022|Comedy,Horror|(U/A)|https://www.youtube.com/watch?v=i3KDQlmWPWA
null|Aditya Trivedi, Vipin Patwa, Saugat Upadhaya, Subhradeep Das, Kanika Kapoor|A|http://in.bookmyshow.com/movies/Main-Aur-Charles-A/ET00027630|ET00027630|6|null|233|Hindi|http://in.bmscdn.com/Events/Mobile/ET00027630.jpg?dtm=20151130|Main Aur Charles (A)|Oct 30, 2015|Prawaal Raman|Randeep Hooda, Richa Chadda, Adil Hussain, Nandu Madhav, Alexx O`Nell, Tisca Chopra, Vipin Sharma, Mandana Karimi|null|null|Prawaal Raman|null|2 hrs 4 mins |20151030|Drama,Thriller|(A)|https://www.youtube.com/watch?v=wOF9MlEOfuE
null|Rob Simonsen|A|http://in.bookmyshow.com/movies/Burnt-A/ET00034640|ET00034640|4|null|235|English|http://in.bmscdn.com/Events/Mobile/ET00034640.jpg?dtm=20151130|Burnt (A)|Oct 30, 2015|John Wells|Bradley Cooper, Sienna Miller, Omar Sy, Daniel Bruhl, Uma Thurman, Emma Thompson, Lily James, Alicia Vikander, Riccardo Scamarcio, Sam Keeley|null|null|Steven Knight, Michael Kalesniko|null|1 hr 41 mins |20151030|Comedy,Drama|(A)|https://www.youtube.com/watch?v=HXaff0PpszM
null|Danny Elfman|UA|http://in.bookmyshow.com/movies/Goosebumps-3D-UA/ET00027141|ET00027141|6|null|236|English|http://in.bmscdn.com/Events/Mobile/ET00027141.jpg?dtm=20151130|Goosebumps (3D) (U/A)|Oct 30, 2015|Rob Letterman|Jack Black, Dylan Minnette, Odeya Rush, Amy Ryan, Ryan Lee, Jillian Bell, Halston Sage, Ken Marino|null|null|Darren Lemke, Scott Alexander|null|1 hr 44 mins |20151030|Adventure,Comedy|(U/A)|https://www.youtube.com/watch?v=2dJl2voVf0Y&feature=youtu.be
null|null|A|http://in.bookmyshow.com/movies/Titli-A/ET00025036|ET00025036|8|null|234|Hindi|http://in.bmscdn.com/Events/Mobile/ET00025036.jpg?dtm=20151130|Titli (A)|Oct 30, 2015|Kanu Behl|Ranvir Shorey, Amit Sial, Shashank Arora, Lalit Behl, Shivani Raghuvanshi|null|null|Kanu Behl, Sharat Katariya|null|1 hr 56 mins |20151030|Crime,Drama,Thriller|(A)|https://www.youtube.com/watch?v=OOqiQiMkXDA
null|Vikas Bhatavdekar, Pankaj Padghan|U|http://in.bookmyshow.com/movies/Te-Aath-Diwas-U/ET00034974|ET00034974|0|null|237|Marathi|http://in.bmscdn.com/Events/Mobile/ET00034974.jpg?dtm=20151130|Te Aath Diwas (U)|Oct 30, 2015|Shyam Dhanorkar|Renuka Shahane, Tushar Dalvi, Aaroh Velankar, Deepali Muchrikar, Avinash Masurekar, Sunil Joshi, Atul Todankar|null|null|Shashank Kevale|null|2 hrs |20151030|Drama|(U)|https://www.youtube.com/watch?v=8gt2EnIRF70&feature=youtu.be
null|Danny Elfman|UA|http://in.bookmyshow.com/movies/Goosebumps-3D-Hindi-UA/ET00033479|ET00033479|6|null|556|Hindi|http://in.bmscdn.com/Events/Mobile/ET00033479.jpg?dtm=20151130|Goosebumps (3D Hindi) (U/A)|Oct 30, 2015|Rob Letterman|Jack Black, Dylan Minnette, Odeya Rush, Amy Ryan, Ryan Lee, Jillian Bell, Halston Sage, Ken Marino|null|null|Scott Alexander, Darren Lemke|null|1 hr 44 mins |20151030|Comedy,Horror|(U/A)|https://www.youtube.com/watch?v=2dJl2voVf0Y&feature=youtu.be
null|null|A|http://in.bookmyshow.com/movies/Paranormal-Activity-The-Ghost-Dimension-3D-Hindi-A/ET00035210|ET00035210|3|null|661|Hindi|http://in.bmscdn.com/Events/Mobile/ET00035210.jpg?dtm=20151130|Paranormal Activity: The Ghost Dimension (3D Hindi) (A)|Oct 30, 2015|Gregory Plotkin|Katie Featherston, Billy Shepperd|null|null|Jason Pagan, Andrew Deutschman|null|1 hr 29 mins |20151030|Horror|(A)|null
null|Gajendra Verma, Raju Sardar, Vikram Singh|A|http://in.bookmyshow.com/movies/Guddu-Ki-Gun-A/ET00035036|ET00035036|4|null|231|Hindi|http://in.bmscdn.com/Events/Mobile/ET00035036.jpg?dtm=20151130|Guddu Ki Gun (A)|Oct 30, 2015|Shantanu Ray Chhibber, Sheershak Anand|Kunal Khemu, Payel Sarkar, Sumeet Vyas, Sudeep Sarangi, Biplab Chatterjee, Jameel Khan, Naini Dixit, Fllora Saini, Aparna Sharma|null|null|Shantanu Ray Chhibber, Sheershak Anand|null|2 hrs 11 mins |20151030|Adult,Comedy|(A)|https://www.youtube.com/watch?v=LAWlBaXSOZY&feature=youtu.be
null|Mark Mothersbaugh|UA|http://in.bookmyshow.com/movies/Hotel-Transylvania-2-3D-UA/ET00027134|ET00027134|6|null|251|English|http://in.bmscdn.com/Events/Mobile/ET00027134.jpg?dtm=20151130|Hotel Transylvania 2 (3D) (U/A)|Nov 06, 2015|Genndy Tartakovsky|Adam Sandler, Selena Gomez, Andy Samberg, David Spade, Steve Buscemi, Mel Brooks, Kevin James, Fran Drescher|null|null|Robert Smigel, Adam Sandler|null|1 hr 30 mins |20151106|Animation,Comedy,Family|(U/A)|https://www.youtube.com/watch?v=i73c3dgGxRQ
null|Thomas Newman|U|http://in.bookmyshow.com/movies/He-Named-Me-Malala-U/ET00034042|ET00034042|0|null|253|English|http://in.bmscdn.com/Events/Mobile/ET00034042.jpg?dtm=20151130|He Named Me Malala (U)|Nov 06, 2015|David Guggenheim|Malala Yousafzai, Ziauddin Yousafzai, Khushal Yousafzai, Toorpekai Yousafzai, Atal Yousafzai, Mobin Khan|null|null|null|null|1 hr 27 mins |20151106|Documentary,Drama|(U)|https://www.youtube.com/watch?v=cug1-eTOVSk
null|Ankit Tiwari|A|http://in.bookmyshow.com/movies/Yaara-Silly-Silly-A/ET00034463|ET00034463|5|null|256|Hindi|http://in.bmscdn.com/Events/Mobile/ET00034463.jpg?dtm=20151130|Yaara Silly Silly (A)|Nov 06, 2015|Subhash Sehgal|Paoli Dam, Parambrata Chatterjee, Vidya Malvade, Parth Suri, Eva Grover, Zafar Dhillon|null|null|Rajeev Yogendra Nath|null|1 hr 48 mins |20151106|Romance|(A)|https://www.youtube.com/watch?v=bmQM1XvyxZc
null|Sahil Rayyan|UA|http://in.bookmyshow.com/movies/Ranbanka-UA/ET00035349|ET00035349|0|null|258|Hindi|http://in.bmscdn.com/Events/Mobile/ET00035349.jpg?dtm=20151130|Ranbanka (U/A)|Nov 06, 2015|Aryeman Ramsay|Manish Paul, Ravi Kishan, Avya Agarwal, Navi Bhangu, Pooja Kasekar, Anita Sahgal, Rudra Kaushish, Pooja Chopra, Pooja Thakur|null|null|Shakir Ali|null|1 hr 39 mins |20151106|Action,Drama,Thriller|(U/A)|https://www.youtube.com/watch?time_continue=42&v=fhWKUb_QfwA
null|Harry Gregson-Williams|UA|http://in.bookmyshow.com/movies/The-Martian-3D-Hindi-UA/ET00034168|ET00034168|7|null|null|Hindi|http://in.bmscdn.com/Events/Mobile/ET00034168.jpg?dtm=20151130|The Martian (3D Hindi) (U/A)|Oct 02, 2015|Ridley Scott|Matt Damon, Kate Mara, Jessica Chastain, Kristen Wiig, Mackenzie Davis, Sean Bean, Sebastian Stan, Jeff Daniels, Michael Pena, Chiwetel Ejiofor|null|null|Drew Goddard, Andy Weir|null|2 hrs 22 mins |20151002|Action,Adventure,Sci-Fi|(U/A)|null
null|Anoop Rubens|UA|http://in.bookmyshow.com/movies/Akhil-The-Power-Of-Jua-UA/ET00033301|ET00033301|5|null|288|Telugu|http://in.bmscdn.com/Events/Mobile/ET00033301.jpg?dtm=20151130|Akhil - The Power Of Jua (U/A)|Nov 11, 2015|V.V. Vinayak|Akhil Akkineni, Sayyeshaa Saigal, Brahmanandam Kanneganti, Mahesh Manjrekar, Vennela Kishore, Jayaprakash Reddy|null|null|V.V. Vinayak, Kona Venkat|null|2 hrs 10 mins |20151111|Action,Fantasy,Romance|(U/A)|https://www.youtube.com/watch?v=jXXz-Jo9cu8
null|Mohamaad Ghibran|UA|http://in.bookmyshow.com/movies/Thoongavanam-UA/ET00030999|ET00030999|5|null|260|Tamil|http://in.bmscdn.com/Events/Mobile/ET00030999.jpg?dtm=20151130|Thoongavanam (U/A)|Nov 10, 2015|Rajesh M Selva|Kamal Haasan, Trisha Krishnan, Prakash Raj, Sampath Raj, Madhu Shalini, Asha Sarath, Kishore Kumar G.|null|null|Kamal Haasan|null|2 hrs 7 mins |20151110|Action,Crime,Thriller|(U/A)|https://www.youtube.com/watch?v=htRNI9Boo78
null|Himesh Reshammiya|U|http://in.bookmyshow.com/movies/Prem-Ratan-Dhan-Payo-U/ET00025076|ET00025076|8|null|277|Hindi|http://in.bmscdn.com/Events/Mobile/ET00025076.jpg?dtm=20151130|Prem Ratan Dhan Payo (U)|Nov 12, 2015|Sooraj R. Barjatya|Salman Khan, Sonam Kapoor, Neil Nitin Mukesh, Swara Bhaskar, Anupam Kher, Armaan Kohli, Deepak Dobriyal, Sanjay Mishra|null|null|Sooraj R. Barjatya|null|null|20151112|Drama,Family,Romance|(U)|https://www.youtube.com/watch?v=Vd4iNPuRlx4
null|Avinash - Vishwajeet|U|http://in.bookmyshow.com/movies/MumbaiPuneMumbai-2-U/ET00032647|ET00032647|0|null|292|Marathi|http://in.bmscdn.com/Events/Mobile/ET00032647.jpg?dtm=20151130|Mumbai-Pune-Mumbai 2 (U)|Nov 12, 2015|Satish Rajwade|Swapnil Joshi, Mukta Barve, Prashant Damle, Mangal Kenkre, Vijay Kenkre, Asavari Joshi, Savita Prabhune, Shruti Marathe, Suhas Joshi|null|null|Satish Rajwade, Ashwini Shende|null|2 hrs 29 mins |20151112|Drama,Romance|(U)|https://www.youtube.com/watch?v=rmJnb3vMjqM
null|Shankar Mahadevan, Ehsaan Noorani, Loy Mendonsa|U|http://in.bookmyshow.com/movies/Katyar-Kaljat-Ghusali-U/ET00031631|ET00031631|8|null|293|Marathi|http://in.bmscdn.com/Events/Mobile/ET00031631.jpg?dtm=20151130|Katyar Kaljat Ghusali (U)|Nov 12, 2015|Subodh Bhave|Subodh Bhave, Mrunmayee Deshpande, Amruta Khanvilkar, Sachin Pilgaonkar, Sakshi Tanwar, Shankar Mahadevan|null|null|Prakash Kapadia, Purushottam Darvekar|null|2 hrs 42 mins |20151112|Drama,Musical|(U)|https://www.youtube.com/watch?v=1iTazEogwiY
null|Thomas Newman|UA|http://in.bookmyshow.com/movies/Spectre-UA/ET00027128|ET00027128|6|null|295|English|http://in.bmscdn.com/Events/Mobile/ET00027128.jpg?dtm=20151130|Spectre (U/A)|Nov 20, 2015|Sam Mendes|Daniel Craig, Ralph Fiennes, Ben Whishaw, Naomie Harris, Rory Kinnear, Christoph Waltz, Lea Seydoux, Monica Bellucci, Dave Bautista, Andrew Scott|null|null|Ian Fleming, John Logan|null|2 hrs 27 mins |20151120|Action,Adventure,Thriller|(U/A)|https://www.youtube.com/watch?v=QC3CLs9lzVo&feature=youtu.be
null|Thomas Newman|UA|http://in.bookmyshow.com/movies/Spectre-Hindi-UA/ET00029546|ET00029546|6|null|1221|Hindi|http://in.bmscdn.com/Events/Mobile/ET00029546.jpg?dtm=20151130|Spectre (Hindi) (U/A)|Nov 20, 2015|Sam Mendes|Daniel Craig, Ralph Fiennes, Ben Whishaw, Naomie Harris, Rory Kinnear, Christoph Waltz, Lea Seydoux, Monica Bellucci, Andrew Scott, Dave Bautista|null|null|Ian Fleming, John Logan|null|2 hrs 27 mins |20151120|Action,Adventure,Thriller|(U/A)|https://www.youtube.com/watch?v=sSQHWIWbX8Y
null|Emilio Kauderer|UA|http://in.bookmyshow.com/movies/Secret-in-Their-Eyes-UA/ET00035743|ET00035743|5|null|303|English|http://in.bmscdn.com/Events/Mobile/ET00035743.jpg?dtm=20151130|Secret in Their Eyes (U/A)|Nov 20, 2015|Billy Ray|Nicole Kidman, Julia Roberts, Chiwetel Ejiofor, Dean Norris, Michael Kelly, Lyndon Smith, Alfred Molina, Joe Cole, Mark Famiglietti|null|null|Billy Ray, Eduardo Sacheri, Juan Jose Campanella|null|1 hr 51 mins |20151120|Mystery,Thriller|(U/A)|https://www.youtube.com/watch?v=N3b0PFCrayE
null|Sudeep Swaroop|A|http://in.bookmyshow.com/movies/X-Past-Is-Present-A/ET00035130|ET00035130|5|null|302|Hindi|http://in.bmscdn.com/Events/Mobile/ET00035130.jpg?dtm=20151130|X: Past Is Present (A)|Nov 20, 2015|Sudhish Kamath, Raja Sen, Abhinav Shiv Tiwari, Anu Menon, Q., Hemant Gaba, Nalan Kumarasamy, Pratim D. Gupta, Rajshree Ojha, Sandeep Mohan, Suparn Verma, Thiagarajan Kumararaja|Rajat Kapoor, Radhika Apte, Huma Qureshi, Swara Bhaskar, Neha Mahajan, Aditi Chengappa, Piaa Bajpai, Bidita Bag, Usha Uthup, Richa Shukla|null|null|null|null|1 hr 46 mins |20151120|Drama,Romance,Thriller|(A)|https://www.youtube.com/watch?v=NT3GlzxnwII
null|A. R. Rahman|UA|http://in.bookmyshow.com/movies/Tamasha-UA/ET00025390|ET00025390|0|null|308|Hindi|http://in.bmscdn.com/Events/Mobile/ET00025390.jpg?dtm=20151130|Tamasha (U/A)|Nov 27, 2015|Imtiaz Ali|Ranbir Kapoor, Deepika Padukone, Javed Sheikh, Faraaz Servaia, Nikhil Bhagat, Punam Singh, Ishtiyak Khan|null|null|Imtiaz Ali|null|2 hrs 24 mins |20151127|Drama,Romance|(U/A)|https://www.youtube.com/watch?v=VN_qxutU_qc&feature=youtu.be
null|Chinar Kharkar, Mahesh Ogale|UA|http://in.bookmyshow.com/movies/Urfi-UA/ET00033432|ET00033432|4|null|219|Marathi|http://in.bmscdn.com/Events/Mobile/ET00033432.jpg?dtm=20151130|Urfi (U/A)|Nov 27, 2015|Vikram Pradhan|Prathamesh Parab, Mitali Mayekar, Upendra Limaye, Kavita Lad, Milind Pathak|null|null|Vikram Pradhan|null|2 hrs 4 mins |20151127|Comedy,Romance|(U/A)|https://www.youtube.com/watch?v=BE4qJmArlaE
null|M. M. Keeravani|UA|http://in.bookmyshow.com/movies/Size-Zero-UA/ET00032978|ET00032978|9|null|311|Telugu|http://in.bmscdn.com/Events/Mobile/ET00032978.jpg?dtm=20151130|Size Zero (U/A)|Nov 27, 2015|Prakash Kovelamudi|Arya, Anushka Shetty, Sonal Chauhan, Urvashi, Prakash Raj, Master Bharath, Brahmanandam Kanneganti|null|null|Kanika Dhillon|null|2 hrs 11 mins |20151127|Comedy,Romance|(U/A)|https://www.youtube.com/watch?v=Qz_TznvtY-M
null|James Newton Howard|UA|http://in.bookmyshow.com/movies/The-Hunger-Games-Mockingjay-Part-2-3D-UA/ET00036044|ET00036044|7|null|1770|English|http://in.bmscdn.com/Events/Mobile/ET00036044.jpg?dtm=20151130|The Hunger Games: Mockingjay - Part 2 (3D) (U/A)|Nov 27, 2015|Francis Lawrence|Jennifer Lawrence, Josh Hutcherson, Liam Hemsworth, Brad Weaver, Elizabeth Banks, Natalie Dormer, Julianne Moore, Woody Harrelson, Jena Malone, Donald Sutherland, Philip Seymour Hoffman, Stanley Tucci, Jeffrey Wright, Gwendoline Christie, Mahershala Ali|null|null|Danny Strong, Suzanne Collins|null|2 hrs 17 mins |20151127|Action,Adventure,Sci-Fi|(U/A)|https://www.youtube.com/watch?v=n-7K_OjsDCQ
null|Ludwig Goransson|A|http://in.bookmyshow.com/movies/Creed-A/ET00031889|ET00031889|8|null|314|English|http://in.bmscdn.com/Events/Mobile/ET00031889.jpg?dtm=20151130|Creed (A)|Nov 27, 2015|Ryan Coogler|Sylvester Stallone, Michael B. Jordan, Graham McTavish, Tessa Thompson, Phylicia Rashad|null|null|Ryan Coogler, Aaron Covington|null|2 hrs 12 mins |20151127|Drama,Sports |(A)|https://www.youtube.com/watch?v=k8fBkS1FVEw
